<?xml version="1.0" encoding="UTF-8"?>
<beans xmlns="http://www.springframework.org/schema/beans"
	xmlns:xsi="http://www.w3.org/2001/XMLSchema-instance" xmlns:p="http://www.springframework.org/schema/p"
	xmlns:tx="http://www.springframework.org/schema/tx" xmlns:aop="http://www.springframework.org/schema/aop"
	xmlns:context="http://www.springframework.org/schema/context"
	xsi:schemaLocation="http://www.springframework.org/schema/aop http://www.springframework.org/schema/aop/spring-aop-4.0.xsd
		http://www.springframework.org/schema/beans http://www.springframework.org/schema/beans/spring-beans-4.0.xsd
		http://www.springframework.org/schema/context http://www.springframework.org/schema/context/spring-context-4.2.xsd
		http://www.springframework.org/schema/tx http://www.springframework.org/schema/tx/spring-tx-4.0.xsd">


	<!-- 配置数据源 -->
	<bean id="dataSource" class="com.mchange.v2.c3p0.ComboPooledDataSource">
		<property name="driverClass" value="com.mysql.jdbc.Driver" />
		<property name="jdbcUrl" value="jdbc:mysql://47.102.127.27:3306/test?useUnicode=true&amp;characterEncoding=utf8" />
		<property name="user" value="root" />
		<property name="password" value="666666" />
		<property name="minPoolSize" value="5" />
		<property name="maxPoolSize" value="10" />
	</bean>

	<!-- 配置Hibernate的sessionFactory实例 -->
	<bean id="sessionFactory"
		class="org.springframework.orm.hibernate5.LocalSessionFactoryBean">
		<!-- 配置数据源属性 -->
		<property name="dataSource">
			<ref bean="dataSource" />
		</property>
		<!-- 配置 Hibernate的基本属性 -->
		<property name="hibernateProperties">
			<props>
				<prop key="hibernate.dialect">
					org.hibernate.dialect.MySQLDialect
				</prop>
			</props>
		</property>
		<!-- 配置 Hibernate基于注解的实体类的位置及名称 -->
		<property name="annotatedClasses">
			<list>
				<value>com.app.entity.UserInfo</value>
				<value>com.app.entity.TaskBean</value>
				<value>com.app.entity.ActivityBean</value>
			</list>
		</property>
	</bean>

	<!-- 声明Hibernate事务管理器 -->
	<bean id="transactionManager"
		class="org.springframework.orm.hibernate5.HibernateTransactionManager">
		<property name="sessionFactory" ref="sessionFactory" />
	</bean>

	<!-- 开启注解处理器 -->
	<context:annotation-config />

	<!-- 开启Spring的Bean自动扫描机制来检查与管理Bean实例 -->
	<context:component-scan base-package="com.app">
		<context:exclude-filter type="annotation" 
			expression="org.springframework.stereotype.Controller"/>
		<context:exclude-filter type="annotation" 
			expression="org.springframework.web.bind.annotation.ControllerAdvice"/>
	</context:component-scan>
	
	<!-- 基于@Transactional注解方式的事务管理 -->
	<tx:annotation-driven transaction-manager="transactionManager" />

</beans>