<?xml version="1.0" encoding="UTF-8"?>
<beans xmlns="http://www.springframework.org/schema/beans"
	xmlns:xsi="http://www.w3.org/2001/XMLSchema-instance" xmlns:aop="http://www.springframework.org/schema/aop"
	xmlns:context="http://www.springframework.org/schema/context"
	xmlns:mvc="http://www.springframework.org/schema/mvc"
	xsi:schemaLocation="http://www.springframework.org/schema/beans http://www.springframework.org/schema/beans/spring-beans-4.0.xsd
		http://www.springframework.org/schema/context http://www.springframework.org/schema/context/spring-context-4.2.xsd
		http://www.springframework.org/schema/mvc http://www.springframework.org/schema/mvc/spring-mvc-3.1.xsd">
	
	<!-- 配置自动扫描的包,SpringMVC 的 IOC 容器中的 bean 可以来引用 Spring IOC 容器中的 bean.
	              但 Spring IOC 容器中的 bean 却不能来引用 SpringMVC IOC 容器中的 bean! -->	
	<context:component-scan base-package="com.app" use-default-filters="false">
		<context:include-filter type="annotation" 
			expression="org.springframework.stereotype.Controller"/>
		<context:include-filter type="annotation" 
			expression="org.springframework.web.bind.annotation.ControllerAdvice"/>
	</context:component-scan>

	<!-- 配置视图解析器 ,将handler方法返回的逻辑视图解析为物理视图 -->
	<bean
		class="org.springframework.web.servlet.view.InternalResourceViewResolver">
		<property name="prefix" value="/"></property>
		<property name="suffix" value=".jsp"></property>
	</bean>

	<!-- 启用MVC注解驱动 -->
<!-- <mvc:annotation-driven></mvc:annotation-driven> -->	
	
	<!-- 设置配置方案 -->
    <mvc:annotation-driven>
        <mvc:message-converters>  
            <bean class="org.springframework.http.converter.json.MappingJackson2HttpMessageConverter">  
                <property name="objectMapper">  
                    <bean class="com.fasterxml.jackson.databind.ObjectMapper">  
                        <property name="dateFormat">  
                            <bean class="java.text.SimpleDateFormat">  
                                <constructor-arg type="java.lang.String" value="yyyy-MM-dd HH:mm:ss" />  
                            </bean>  
                        </property>  
                    </bean>  
                </property>  
            </bean>  
        </mvc:message-converters>
            
        
    </mvc:annotation-driven>


	<!-- default-servlet-handler 将在 SpringMVC 上下文中定义一个 DefaultServletHttpRequestHandler, 
		它会对进入 DispatcherServlet 的请求进行筛查, 如果发现是没有经过映射的请求, 就将该请求交由 WEB 应用服务器默认的 Servlet 
		处理. 如果不是静态资源的请求，才由 DispatcherServlet 继续处理 一般 WEB 应用服务器默认的 Servlet 的名称都是 default. 
		若所使用的 WEB 服务器的默认 Servlet 名称不是 default，则需要通过 default-servlet-name 属性显式指定 -->
	<mvc:default-servlet-handler />

	<!-- 配置CommonsMultipartResolver,实现文件上传 -->
	<bean id="multipartResolver"
		class="org.springframework.web.multipart.commons.CommonsMultipartResolver">
		<!-- 设置上传文件的最大尺寸为1MB -->
		<property name="maxUploadSize" value="1048576" />
		<!-- 字符编码 -->
		<property name="defaultEncoding" value="UTF-8" />
	</bean>

</beans>